"children_youth_justice","adult_carers_isolated_18","adult_carers_isolated_all_ages","adult_carers_not_isolated","alcohol_rx_18","alcohol_rx_all_ages","alcohol_admissions_f","alchol_admissions_m","alcohol_admissions_p","children_leaving_care","depression","domestic_abuse","self_harm_female","self_harm_male","self_harm_persons","opiates","lt_health_problems","lt_unepmloyment","looked_after_children","marital_breakup","old_pople_alone","alone","self_reported_well_being","smi","social_care_mh","homeless","alcohol_rx","drug_rx_non_opiate","drug_rx_opiate","suicide_rate","unemployment"
34.2,36.7,39.6,3.48449578986694,6.36549127798373,1090.14,2136.05,1549.55,9.86296940054165,41.4085533507801,4.78664261711801,21.6449216405548,112.831619415784,81.0505910142812,95.3474736829565,9.00964423656975,16.3841838298971,0.443272844242553,69.5663696293106,12.792396067232,3.9734776988767,10.3920476363027,20.36,0.760530421216849,196.232339089482,12.4980077564681,35.30701754,35.4368932,9.297052154,6.91535818905147,6.9
30.6,35.8,44.9,1.36617735212524,3.24467121129745,683.55,1510.28,1055.86,3.73473301705865,19.7023260003152,5.97561448148483,21.6449216405548,139.187596981075,59.8225916646374,98.6641251663655,6.71857314906935,14.0025141279399,0.261633566978193,35.4641868005674,9.9382602285293,4.08596783296511,10.7649809839562,21.47,1.00715996438827,485.014140856729,2.85561547987197,38.68613139,30.37383178,8.347826087,9.74882568414402,4.9
33.5,47.5,45,3.12853553729544,6.89446371376821,1077.81,2025.59,1519.05,8.3417593528817,27.1717253039208,10.2986536107711,29.9772015850327,294.474635501276,219.312691800804,255.531817156113,12.1149843572055,23.9026732000986,0.535086378229628,56.3561710007246,12.9306820293626,5.71493297435294,12.9537899877581,20.86,0.749225812993861,826.152430352213,0.134237197127324,53.65296804,54.77707006,7.163886163,10.7563335919646,5.3
42.9,49.5,49.1,2.10021408633912,5.20311102680144,776.51,1560.85,1135.87,5.55119434787485,14.4104677637836,7.61373184491658,17.2552710308201,326.359703367858,118.106792295865,220.631764118741,8.4558607428058,16.0752431597128,0.113215142315627,41.7903565149725,10.0519670306407,5.87844237749813,13.2576760385229,22.36,0.80918448915938,174.184903974989,0.907017380053621,39.18918919,23.07692308,6.335616438,9.97631016044282,4.2
31,44,46.9,1.46984448097105,5.08913895562018,814.41,1615.17,1182.83,4.43189224418857,32.9719606446678,9.32733786649119,21.4049968908943,261.110944887216,191.183034369871,223.639077850769,11.809021300997,16.002768623118,0.615301786297998,67.2627997151223,11.9654249191633,4.92830149609153,11.9040223637211,22.24,1.09460604991722,158.8782172839,4.26043584110207,35.68627451,32.14285714,7.5,9.21754836922536,4.5
36.8,38.1,45.7,1.64930555555556,3.27690972222222,736.9,1441.65,1046.66,4.79203324473063,33.0486977026689,6.40678528014145,21.6449216405548,95.8736112262241,61.5710407584942,78.2072777487784,4.70851434666112,15.9713272154381,0.219983714638439,46.4468183929401,11.0415277258162,5.19354531359624,11.1688075460585,21.46,0.737663978689707,796.033159865902,5.02826446797214,49.48805461,60.60606061,10.12658228,7.68905177898205,4.2
28.3,37,37.3,2.56980280273315,8.13791234347703,1043.33,2080.02,1518.6,7.18625759507914,31.1729482212046,7.4774781393894,22.3660077905046,211.786624177638,146.836395706206,178.7569274206,13.4783242713997,18.4429357575871,1.35845146361737,63.9309616061994,10.7198172781739,4.52611174414999,12.4790035059152,19.38,1.127345552147,251.583032105578,8.2566786783691,33.83308346,32.44274809,5.503329416,10.0197957965898,8.7
45.7,45.9,48.5,2.62658286177723,9.61237166608298,1234.92,2550.89,1853.06,3.85932488992771,36.6194972666161,9.55143734473128,21.7236368813571,292.553935568137,247.231358865398,268.406718504217,14.4725944488097,20.232695319651,0.495405252384478,91.5487431665402,11.996782235109,4.27149979084806,11.9449758960961,21.49,1.21021181613151,152.320346613411,0.670391061452514,53.84615385,53.27102804,10.2244389,13.1261579368159,6.3
35.7,37.7,50.5,5.13917862674701,11.2811238148105,1385.96,2583.69,1951.66,9.50961606699312,74.9520655394806,13.5439272215116,21.7236368813571,671.745572539707,489.04062609345,578.902400574234,19.9501811594203,25.5735050857002,0.722888756747933,163.848701411888,16.3017677957823,6.99478109596985,17.7196288779356,23.27,1.44100276085412,665.154232637693,1.33267216264799,37.17391304,47.51381215,5.876865672,15.9931853975555,6.6
31.4,45,38.5,2.95056750646748,7.61181159251404,1050.81,1940.69,1464.37,6.03826352253226,25.612438605478,9.1116945066447,22.4798235258081,258.137604071379,195.892393926875,225.35119313526,15.361996388701,19.8395150043716,0.513716223158327,84.3703859945159,12.4459514814983,5.26568554328646,13.4947517782103,24.73,0.932163093870111,872.149938593525,1.94356163926495,34.31372549,34.86238532,5.196850394,10.9105418930429,6
29.2,35.3,49.4,1.73670750792015,7.72930264513913,867.19,1773.72,1296.51,4.64972969944819,34.3112026076514,8.14493651285228,14.8288708389827,404.699549968587,226.585081918542,313.526164915881,14.4658406416779,18.6096320800475,0.233643040163239,74.3409389832447,13.1590475699634,6.23206689814556,16.9645747970838,19.75,1.27195758822599,193.635569618167,1.89046878986802,28.96341463,30.76923077,9.987669544,11.956709518981,4.6
37.8,44.7,49,2.10638345047782,2.82698831511496,727.76,1513.59,1089.95,4.0510127531883,24.8597201505789,10.6128518321827,22.6886168163391,245.585730245927,145.76065742896,194.457603783532,4.7071328246593,12.275959542423,0.122024841688824,35.5138859293984,12.1602799104108,4.02490227305632,11.4982988272767,21.13,0.632895806141798,590.864019776966,2.87917737789203,40,43.22033898,10.71428571,7.91467618535944,3.1
41.6,47.5,50.3,3.30671517543319,8.535281905819,1134.66,2183.62,1617.29,3.86300826042478,24.6363461085285,8.87019456715857,22.665090957199,280.868170439559,168.534568830978,223.919764637738,14.2411561973583,17.3273334201037,0.724822282068079,60.6982440355049,11.8039293113833,4.40604290579548,11.4365000048514,23.09,0.951637244235426,616.867837655648,1.92589206250395,35.92870544,43.10118265,5.7178116,9.19286163401666,6.3
32.5,23.9,37.2,1.89263453105623,5.1469932643285,925.51,1931.06,1393.2,8.14189291443446,29.3278587996907,5.29967653960804,21.6449216405548,65.4577619759309,36.8910345281797,50.5511721773521,8.50562091032645,14.4215413781469,0.612301571042916,44.6583304449836,9.63784623558106,2.85145437770116,9.91145858625099,16.7,1.19946267280182,80.8788197401411,6.04747566935917,42.85714286,40.52953157,9.682080925,8.58261358089878,7.1
34.4,34.1,43,2.91146116241173,7.4828897338403,840.2,1582.42,1188.36,4.84154929577465,47.8058108450897,9.34144248059125,17.1376269004,418.219979805801,206.203173573836,311.497626509808,10.6038409025224,16.3036042857822,0.24811186867935,84.8797049698531,11.5821922593265,5.43789159547318,16.6481870562544,24.43,1.18892057341118,128.772508908955,3.19060280169848,46.65579119,40,10.77943615,14.3854798480029,5.6
29.1,46.2,48.8,2.04212597863754,9.56319609828444,1043.03,2113.08,1541.37,10.4088849046267,40.9774192852675,8.81963644552313,17.2552710308201,400.502270640979,180.565585359877,289.632401097635,15.4261435296353,16.7487868782021,0.333040562381436,72.7888368883042,10.6508452665929,4.84033485031541,14.7098712077438,21.16,0.948047328001865,171.324738253872,5.29883646821488,33.91521197,29.3078056,7.618343195,12.6511450257543,5
55,36,41.9,0.960749384519926,2.07762054402434,760.55,1479.65,1079.05,5.24793511643856,18.6978019695018,7.82550285479718,21.6449216405548,125.940539995718,77.0989099646445,101.470417015428,5.95574893176985,14.9722681905156,0.176925042756885,39.4731374911705,10.9756195590139,5.49014243232592,13.2937923217479,23,0.822062181626559,593.623236704662,4.43873379278122,40.09433962,36.95652174,8.724832215,7.54888668440925,4.1
30.8,39.5,45.1,0.985079885760509,2.25302905861597,662.37,1392.96,996.8,3.36128747496011,18.6500667257943,7.94260079585554,22.6886168163391,181.355159942324,73.0773574244884,126.300904320798,5.01084618497233,13.4435553937101,0.135404196914631,38.1290253060683,10.3825570264412,4.75609241120533,10.4695565444531,18.15,0.716708951459008,184.400079634725,1.93959545580493,46.42857143,45.85635359,11.37071651,7.19372826008122,3.1
26.2,46.5,45.7,2.38067307493255,4.76824665153157,947.82,1912.54,1391.59,9.69133000453926,24.617260216163,5.89659346360021,22.4798235258081,257.046359565751,124.522736024211,188.582848001047,9.81215766658826,18.8160596563277,0.365082637528777,71.5072796755211,12.3878730523541,5.27687474388745,13.2566589263762,23.92,1.0407099788364,792.901306059904,1.91792764182079,31.41025641,38.42105263,6.034482759,11.5531982109107,5.1
35.7,43.1,43.1,2.87601588302965,6.11694560928242,843.8,1724.56,1243.74,7.21826220337454,23.9923224568138,10.708294120054,22.665090957199,233.415865665425,118.915722707486,175.186437891543,11.6910731593698,17.9564923022578,0.409870603467429,65.4336067004013,13.514620061719,5.53919437087402,14.3411274064118,21.09,0.955153112828892,1064.42353691596,0.521773159119073,41.71597633,32.91925466,7.799442897,11.3025544697974,4.4
36.6,44.9,47.7,1.65444358760485,3.07675359216884,741.93,1516.86,1104.21,4.52580806815334,20.2955635401476,7.69966644044301,16.764297942372,294.12520818489,145.318741066733,217.331213238453,5.34556548497745,15.2970815022295,0.100568027606529,45.4770960807012,10.803608479573,4.91718305337538,11.500402965559,18.98,0.784739178932458,126.20564636413,2.72992706272757,36.91709845,33.14500942,6.858594412,8.38108463714082,3.5
33.2,40.9,43.9,2.74249876771088,9.39161623894872,764.4,1674.21,1183.8,6.40242412394311,21.7448029920849,6.68625767681437,21.6449216405548,103.014474135694,46.0381226450782,74.2097270176647,12.3782539401452,14.4464413764308,0.359483045844318,41.3151256849613,10.5596815110914,4.76033571357964,18.6078148020881,25.34,1.43372593899512,698.13334657201,0.647111660565788,47.2061657,45.1171875,6.184586108,9.97286013042584,5.8
41.6,41.6,43.6,1.07858463088173,2.57529898651056,745.31,1445.9,1072.71,4.43189224418857,15.9358539940282,8.60930637552747,21.4049968908943,193.176781671228,98.5222348740665,144.522717537216,5.47726064117054,14.3906187962151,0.141142040741082,47.8075619820847,11.8552115815095,4.65016658733936,10.721085197525,17.81,0.677273906715955,86.2238864800946,1.51157382562341,36.03603604,37.75510204,9.641255605,7.23700419494701,3.1
33.4,49.9,48.9,1.58134745513386,3.18944074460403,855.43,1687.67,1240.46,3.18996225211335,18.670400746816,8.70253164556962,5.51321588505666,279.215189660372,136.595657287507,206.900090232029,6.3907847177873,17.5158796845407,0.160813495997286,51.3436020537441,11.5430358703437,5.86443510059852,12.9642666374481,16.79,0.845961978893032,596.153671123408,0.602919592450716,39.94252874,34.7826087,8.544726302,10.5560515847736,3.6
47.6,46.7,46.8,1.87556614659485,4.46151706614847,901.17,1760.34,1298.2,3.95663876917646,27.1780160048316,8.01775587058649,5.51321588505666,286.836060825329,178.290028869742,232.532918374517,8.57608979195548,18.5053154049659,0.162273966896111,70.2098746791484,11.3473531437749,5.717333464118,12.8253779472529,12.6,0.847849588195304,874.257634680896,0.583694088707604,44.35643564,37.56613757,9.101516919,9.90666838463487,4
28.9,38.4,42.4,1.41061897689433,3.55141412291826,854.66,1638.79,1217.46,4.17642101320348,24.656235182551,7.95454295861731,20.8674043258163,310.472816599007,173.361081450176,241.661040489971,6.36266912613517,21.3640368758137,0.184796769752465,40.7776197249881,12.985721132543,6.52176404958046,13.2336196487796,17.51,0.801755000250102,2331.11826293987,1.04287466315148,28.42920354,27.65598651,7.599699022,16.1408227164353,4.1
51,52,49.2,2.87443738876526,5.05182371075495,1052.59,1972.17,1478.33,4.2725478627088,24.9396460565432,9.67063817821459,26.4596173982221,249.256418571515,161.149115745328,204.237812624049,6.93003394547134,23.6313473955756,0.502110696331387,67.8358372737974,12.2078832144251,6.09508922860432,13.9933398362543,18.08,0.91268455018478,443.581486392625,0.564028122704537,29.66023875,30.04552352,6.534653465,12.6363718802785,5.9
31.5,35.2,51.8,2.21036440629688,4.79671863428344,987.85,1958.25,1440.26,5.82449258565867,37.9569820869681,7.59591695366056,22.3660077905046,252.380180106729,155.681909391752,202.237972037351,8.30298358011892,17.7457723372034,0.413789479676149,77.2457881068123,11.1858830566771,4.98911383355539,13.0465018035291,21.97,0.963413974269452,654.754766758604,4.10620403434546,37.12296984,33.09608541,4.929577465,8.34980072255311,5.4
27.3,41.4,42.1,1.64616306531778,4.1665197927315,722.68,1398.15,1028.56,9.24039236127565,45.0672790093783,5.5520751256184,21.6449216405548,144.282953319699,59.3231125497194,101.5800753368,8.12594412011011,14.6164599948263,0.408320806078089,85.8424362083396,11.6172062982819,3.91610915248591,11.9487549621075,18.54,1.09315198796786,421.57433404095,6.51731688671789,31.73333333,32.25806452,5.946791862,8.03865489210045,5.5
40,39.6,48.9,2.75840931729369,5.0125932755122,943.6,1814.51,1349.66,5.16823119924059,25.3150921038457,9.61355664762412,16.9710314589077,264.32559347616,172.679537984687,217.446693659776,8.89502637064123,20.3499793941479,0.358714605995184,71.0977054831412,11.5335563780295,6.59919053079914,14.6128134045167,17.69,0.960297593133901,430.808421368098,0.636024800519494,47.72727273,52.25806452,11.35458167,12.9526412344506,4
37.3,47.6,47.1,3.44756674368249,7.05239091777856,947.62,1977.84,1426.58,8.39109813936519,37.5657400450789,9.4233341939118,26.4596173982221,271.169889581663,154.56993850013,212.03377087724,12.1405654551206,19.6307453298473,0.694294442558706,90.5997259910726,13.5595206017081,5.88218343882971,14.5047113177282,20.09,1.01392871773863,460.397847243169,0.40215895861996,36.70886076,30.23255814,2.830188679,13.055294663074,6.3
33.8,36.9,48.1,2.93643393281233,7.62957658683344,845.62,1699.97,1238.56,9.27265309150254,29.7356079657446,7.87754244214558,22.0280727310811,302.958813278727,200.281192001273,249.779935410325,14.2235372838385,18.6756287386634,0.261519302615193,76.4629919119146,11.6495688523597,5.08206438426162,12.9087378640777,20.84,0.897928055760269,675.443097166386,3.57021099284064,39.55823293,41.25,7.027027027,9.82054465679957,4.6
34.9,44.7,47.8,1.32314448162459,3.84798540066669,864.78,1637.15,1220.37,2.90484698140127,19.5596471439655,9.5951793774138,22.0280727310811,286.518212307539,169.780245244192,227.631832376666,8.17413350747762,20.4022159685898,0.267052156626605,38.1413119307328,12.2791910254385,5.68713527154198,12.6482571894222,19.79,0.821632173755947,155.497979598665,1.39105988848191,40.99722992,32.0754717,5.007587253,10.6596464921797,2.7
27.9,42.6,44,1.26775051311801,2.56438648096529,685.25,1371.79,1002.18,3.93858570224292,27.7016080958826,7.98014035422734,20.8674043258163,285.88783499064,157.851261742808,219.593608545124,4.64004529825312,19.4505887601671,0.12562347476716,49.7927639191814,12.1633438966665,6.79902217421953,13.4588457093703,17.73,0.840499118758087,868.001664723723,0.807979243910979,35.52083333,31.08433735,7.989907485,10.7268322925085,4.8
43.4,46.3,43,1.89936701711522,7.07033096679455,989.87,1864.82,1394.1,8.34632372044687,26.8269127588797,8.2295108068304,29.9772015850327,272.128378929543,205.227152449402,237.658540443112,12.0162890902173,21.6714836542086,0.629603979097148,74.3488725031809,13.0591362506074,5.44380888290713,12.1480484522207,21.75,0.790024717792087,702.410978222548,1.07785359801489,54.81927711,50.70422535,4.647887324,10.136341773132,5.8
35.4,33.6,41.3,1.86197897576495,3.31637515211049,710.91,1435.14,1046.82,4.64972969944819,25.2783863315228,7.76134148541883,14.8288708389827,297.824795168799,176.999157724118,235.512588958118,6.83524446270496,20.0692653273755,0.0933045502932732,62.2237202006715,11.976411764025,7.44956193630598,13.33007739869,16.05,0.818796897599425,138.676105446669,1.13076269673377,45.4248366,46.68874172,9.212121212,9.77943844927229,4.3
41,49.7,47.2,2.21042611207022,4.84841639910292,971.84,1921.09,1410.14,5.75613284310771,30.888712381961,9.66406458367335,22.3660077905046,300.449157765648,195.31378053458,246.623092947329,10.2114947901055,20.2693936246705,0.938203004322991,106.639602271056,10.7410198839086,5.51292211934355,11.8080657736197,20.54,0.805826011240402,67.4250637841104,0.52999788000848,51.52173913,44.32989691,7.074973601,9.47261973527521,6.4
36.7,29.1,39.7,2.55859956771124,5.56018055311576,897.86,1948.5,1388,5.01993631852213,28.9159591485173,4.61118878601132,21.6449216405548,153.318561698379,57.3804909193038,103.919447460588,10.5370743368357,14.1170456996475,0.491028366163126,45.5272548295804,9.76881872004511,3.38427066995295,10.5546344013743,23.36,1.07396159460766,881.897058561528,5.14836727554792,37.16666667,33.06010929,9.670781893,9.77703690295921,5.7
40.6,48.2,50,1.6570915488331,2.47833736047946,767.61,1580.67,1141.1,2.92522396245963,17.5388245798654,6.9108670993032,20.8293655832064,187.451734747938,119.820161626327,152.981199860296,4.60611614236555,19.1409394366492,0.353965416825658,41.4554035524092,11.4657622344458,5.97643071897624,12.0128092588798,17.94,0.641861081570635,861.647676123357,1.75495877887519,38.80266075,40.74074074,5.68383659,9.21823719850359,3.8
35.3,35.9,51.3,1.82791787722101,3.71569200734851,740.89,1465.91,1070.58,4.57266069370609,17.9460296770659,10.5431900434935,17.1376269004,277.559720229769,149.467236522836,212.811176524172,7.16349363834341,20.3438199559118,0.283824238272826,51.476769336847,13.4149225629427,7.29929130834487,14.7384202421266,19.27,1.08627652761685,354.931379933213,2.45503260914718,33.7628866,27.69857434,5.309734513,12.8166838676498,4.7
37,43.9,41.1,1.39750592600227,4.08945686900958,872.94,1806.32,1288.44,7.97482196676713,25.8525323457265,6.64588427057865,21.6449216405548,89.431437798652,47.5173870505313,67.7512875450119,8.37197983986073,15.3549506186273,0.48204842223661,43.2879611370304,11.8433588352958,3.90497506982384,10.7586771848574,19.18,1.03019723460456,261.69183773093,8.77710347824737,37.85714286,32.99180328,8.039215686,6.11864530645324,6.1
26.8,39.6,51.1,1.37934934651005,3.11922049531101,717.37,1446,1050.27,3.28862784371574,14.8614418240603,7.714694091578,19.7137220427833,207.421595629199,95.2719412670931,151.225084921112,6.09151659026718,17.1404440483443,0.22018651892472,33.1905534070681,11.8264546568336,5.56018437736288,12.0119379980225,19.93,0.775350969004088,632.307894015423,2.55718540999269,41.03773585,41.71539961,6.469408225,10.7347961726295,3.4
46.4,57,52.5,3.6104459742592,7.76962985134191,979.67,1966.86,1435.92,5.85035410037976,52.6632560938911,9.28674830319427,25.3366651022574,260.563105032881,230.506877603695,244.879781905761,13.5943153850308,22.1522970421649,0.513701316016501,86.5182064399639,12.0194759464776,6.13879813479259,14.825060942921,20.95,1.00216294160058,187.60960887475,2.32935539781195,39.07496013,32.35294118,7.722385142,9.67940290038107,6.3
28.5,31.3,52.8,1.30454580883891,3.69416195238818,698.85,1391.07,1017.15,4.58664100713656,24.0386541558827,7.71578665279453,12.9707575316182,301.169991385649,128.123047508808,214.33143774794,7.33403156563038,16.7083204910014,0.186652996306374,44.4715101883829,11.8243773878951,5.76757027941121,12.9594995375569,17.64,0.773167827259607,97.9137476417957,1.35124933947309,47.87111623,41.77449168,9.239516702,10.7603687404952,4.5
26,36.3,41.6,1.55390633425162,4.15192007921491,860.16,1642.61,1217.98,7.4201330506616,36.3399603288766,5.86602919579529,21.6449216405548,79.2935631719648,53.5828168382543,65.9818266361894,7.82894274104974,15.0983866088931,0.432625904886792,78.7365807125661,12.1538639205073,3.76733562408247,12.9484661447812,23.86,1.17806369039411,555.893337965778,4.14074864735544,57.99522673,53.10344828,6.782945736,8.11053024539143,6.2
26.3,27.4,40.5,2.45610753714924,8.28874768047961,931.18,2010.06,1437.46,7.49689247980112,34.2952329626182,7.49171143887655,21.6449216405548,116.311104999184,64.3924433243199,90.8305516801985,13.2602711265777,14.4897876314614,0.592786560755468,53.0759557754805,11.6257142125086,3.03600577663409,14.5786370907365,23.93,1.41132547668133,702.47337264963,9.21763404995831,30.99173554,25.27881041,4.05643739,8.10812593662761,7.2
42,42.7,51.4,3.42420382165605,6.59363057324841,1310.32,2407.64,1814.97,3.95663876917646,24.757727947938,9.51551506492744,5.51321588505666,392.232886695935,284.319330975068,336.684646128299,8.55474917083797,21.3644966837911,0.432363335589142,84.8836386786447,12.249675160436,4.95859826705319,12.679180614059,21.53,0.848271569840258,361.234389513882,0.421407501053519,32.76450512,38.88888889,6.395348837,7.54258731903537,5.1
27.5,25.8,36.3,2.38609013196116,6.34215840871995,859.02,1988.26,1361.25,7.84906747317635,32.1186638635833,6.22992005649881,21.6449216405548,106.481408196767,87.4021003625185,96.599546144347,11.4576411008502,12.5802085559446,0.520668615638571,58.3975706610605,10.3432485297292,3.90695923654319,16.6884396519275,24.93,1.31865721112346,293.289535429376,5.02419284980633,32.64094955,22.2972973,4.306220096,11.9295380947588,5.8
35.8,25.3,47.2,1.1017425942328,1.99309274080308,726.9,1393.46,1031.96,4.85012608895002,19.1541662085037,8.99250335990255,18.3785576294519,307.170713697785,142.186102673585,223.145315092336,3.82846568432484,15.7328037590265,0.118960046418696,46.289235003884,11.7919548844811,5.31811564629524,11.2345135167037,16.57,0.752846018632193,201.835117791987,1.25198879037399,41.23563218,32.46073298,10.27142097,8.44444936098476,3.5
27.5,27.7,42,2.54606010434515,6.29054925591514,913.17,1889.63,1353.36,7.87543802608287,36.1931397548737,5.79867657078841,21.6449216405548,96.175674893612,41.4283346996149,67.9050611155516,9.65454819731483,13.9895499086009,0.606311861947453,66.6282800032903,12.1820404621998,3.14884139695778,12.8433556050483,19.23,1.29408956174031,235.301933905071,5.42393005558854,42.8030303,35.58282209,6.048906049,10.2806186659294,6.2
30.7,48.7,40.6,1.40994566164473,3.17369791254112,770.37,1622.6,1165.61,6.00952452944289,22.8018171294266,5.098451980592,21.6449216405548,75.8484581113471,36.4179634247036,55.5582695657402,7.3494985337966,14.5798473997724,0.194478077301899,31.5717467945907,7.72992387354841,3.79161919230282,8.0212685150019,17.15,0.985550588931447,489.777134968115,5.71783165639821,40.5904059,40,8.88030888,8.177241199078,4.8
50.5,58.5,49.5,3.91039145221474,12.3232406680711,1089.07,2351.3,1672.89,8.45012366034625,32.7786182551689,7.31501614284773,33.7603870459882,259.88152208071,200.473855975792,229.984638656448,17.7162347910197,23.1614291302647,1.05027428650788,105.90015128593,12.344398340249,6.08622147083686,14.7017817347488,17.67,0.848376203777046,582.145160134699,1.15807759119861,36.49635036,19.35483871,6.046511628,10.11325235815,9
34.6,47.8,41.9,1.3854583947363,3.37802777143569,790.43,1673.34,1176.88,3.78057248669084,30.4411194952309,4.93482355645044,21.6449216405548,88.3416661173203,63.7694594291602,75.3601666668977,5.72042845625216,17.2590544277332,0.312689386613026,42.4330756600188,10.4701209267595,5.72790033563739,11.972198531003,17.66,0.683534535031145,210.134692893314,3.93086419753086,40.14084507,35.31598513,4.979253112,8.11250286351036,4.4
23.2,28.3,52.5,1.61462158960819,4.46667857780954,635.77,1198.31,895.81,6.86056010723095,27.7261762830288,7.39533584323325,17.7819428229425,200.649129388736,92.5162007592759,145.634228455405,8.23311424975528,18.7293230214141,0.115608992601024,79.0196024066321,11.786499256393,6.20670561200476,12.4809656967247,18.76,0.809891942224821,134.190921290084,0.504143816245727,21.39917695,29.31034483,2.375809935,10.9646855607556,3.8
22.9,45.3,45.1,1.43781774204385,2.8129269221294,738.68,1523.65,1096.4,4.83158030586565,19.2996132508874,7.87614790535191,17.0525035297321,133.4380270173,74.0383653230035,103.217831991663,5.6787565323841,14.3225017964952,0.199066764139176,38.2208027125417,10.958637055229,4.89635002828344,11.6960896208384,19.78,0.763302452080053,532.605367454578,2.62847401547693,37.79232928,40.28497409,9.02455209,6.90045947187271,3.8
32.1,34,38.5,1.92408371106527,4.50593557451797,899.88,1802.34,1320.38,5.69290306073496,35.3546781310103,6.57100146937666,21.6449216405548,99.0983519490663,59.7757595485555,79.4821653816652,10.4616202728407,14.3022457800362,0.199719368681955,48.7894558207942,10.1712563869832,4.09876247534867,9.46386405565306,23.53,0.792708788842238,101.815059823227,3.04193056261846,38.39479393,33.68983957,9.431137725,10.7845119368301,4.4
28.7,31.1,34.6,2.00909482927594,4.39060723666157,875.4,1922.62,1360.23,7.65690861982289,27.9557181424623,5.1261871731939,21.6449216405548,177.582843317884,99.0538836337834,136.55233498914,8.3823120119186,13.7830420110491,0.256016385048643,44.7291490279397,10.4290993162866,3.43346787796524,10.3131040121289,18.33,0.825073351413966,386.606117609043,5.21715693824118,47.42647059,49.5,7.296849088,9.22306679346719,5.4
40,48.1,51.5,1.78755404489138,3.53107966503174,668.95,1286.43,955.25,7.6668671076368,29.6278739037687,6.84938485442828,18.3785576294519,226.682409599868,124.661396405126,173.271440438446,6.61736084079408,22.5986330597042,0.311569187053677,80.9828553369677,14.1094740849043,7.51983726339249,14.9252503496294,18.51,1.12165237178365,355.572795448668,1.41465197971802,53.23741007,31,5.555555556,13.3303699226182,5.3
28.1,27.3,43.7,3.19346576230941,8.47010454340585,1035.03,2189.39,1567.94,10.103303439664,51.0496302014593,7.94933242040397,21.6449216405548,111.526801182927,84.1242292347184,98.56442903093,12.9041474215514,15.6560339599757,0.516266778670307,88.4030181537465,10.6612810155799,3.79595670900497,18.1078677286218,21.2,1.51660202595447,113.810240392519,3.67148060266963,34.68697124,37.88819876,6.193806194,8.85282924008385,6.8
30.1,39.4,36.2,2.01680410524758,6.92254382071468,650.44,1282.63,942,4.33325157386968,26.4737027885634,7.94923550798442,21.6449216405548,78.6423487054606,40.4368221564839,59.1963669074619,11.3405428944694,12.3347767713632,0.329534532472882,37.0631839039887,11.3564762748851,5.2841175074869,23.421979107215,24.56,1.47738051053652,1016.70568702254,7.55345522156802,33.45070423,37.69633508,10.64301552,9.34836327248066,5.8
21.6,33.9,49.8,1.62083877560688,2.9388277173582,749.19,1488.21,1088.37,4.32246704653836,32.688937518728,8.52813018098638,19.8362784602048,224.262679404724,140.14249983187,181.622014990624,5.49851007090518,17.5603590801645,0.312049619106444,69.9180052483905,12.3470368230093,5.52396142769085,12.1421979529791,19.98,0.795669708144093,406.28078314593,2.05045926504984,45.67022539,43.09031556,6.383928571,11.6296273810858,5.2
32,38.2,52.8,3.23285450177461,10.1829973603298,1190.35,2389.28,1748.29,5.54521168946814,47.6541567012534,7.71770213897094,20.8293655832064,299.290687534397,270.906179742044,284.566886293165,19.1371233589729,19.6528162367495,1.00654841673445,115.988419140787,13.263314747164,5.1731368794214,15.7421621536075,21.45,0.870167612868343,191.29980627099,3.47948932607786,43.49680171,42.31738035,10.00606428,13.3455546364349,7.3
27.8,35.8,42.7,1.70422979324014,2.81535758795177,676.26,1521.32,1060.44,2.14310206880786,21.3020902676075,6.2107244871462,21.6449216405548,102.545008137374,49.0614934158689,76.8053180834801,4.76502317886501,12.4340872172935,0.201559297029788,30.6217547596858,9.06079050774328,4.32469077373719,11.6386753475997,19.81,0.841456473471816,480.364528053289,2.68328445747801,49.23857868,46.21848739,8.219178082,7.04931933921829,4.4
42.6,40.5,39.9,2.5069738360908,5.6331762216237,882.66,1706.65,1261.18,5.97084203641581,23.2864230029361,8.94534157088349,22.665090957199,188.513390681644,98.9765705679889,143.624475269294,8.97021110834587,17.7444858423796,0.430163425492034,65.8094563126455,12.0335762646852,4.89684291334805,12.6074752902792,21.1,0.923517408728262,562.013273487551,2.24049883225871,43.39339339,47.53694581,5.405405405,9.99229900084475,5.4
24.3,43.5,45.7,3.77540294323756,9.58304134548003,1342.49,2620.75,1916.53,6.56803979084301,33.8607400110817,11.6860053998457,27.6183650474617,375.924894191513,240.780398750798,308.970731050021,11.4113422460453,24.5049454051942,0.527617301583918,89.269223665579,11.3849434847515,5.47072211876681,13.1326298365405,24.86,0.986103179135732,312.269979702451,1.13530973168314,49.50819672,41.54302671,5.614035088,8.40945218341627,5.6
35.5,39.4,39.1,2.02300287047705,6.02214368006874,1059.43,2185.92,1572.48,10.8221069522708,43.7188006740644,6.88500578840656,21.6449216405548,88.7439307039156,63.4853412686817,76.0249920731215,9.95172143518248,12.759084880199,0.669427020058017,73.129630218435,11.1180024164317,3.06830033888591,14.8919863645906,24.24,1.27700700822291,407.832131032517,3.75907609627809,49.13793103,39.51434879,6.614785992,10.1559010890744,6
35.3,38.3,42.8,2.06280984701802,4.94053064958829,996.26,1879.26,1404.78,5.22702836820776,24.2346730966617,9.92283050301285,21.7236368813571,240.320858927687,151.720497404924,194.689105370805,8.95597678999429,20.0635341263289,0.278997780236639,67.8163541276332,12.2018149214802,5.76238304452902,13.4846585735565,22.6,0.958382675655164,366.092111314574,0.488495728616986,60.70640177,57.24137931,9.470588235,11.3790562895351,4.3
29.9,42.1,45.5,3.82718107236987,6.1343820810689,884.73,1839.13,1323.94,6.9757066958673,23.9855348774278,7.74309636152088,22.665090957199,295.792199113204,194.717430475585,244.767568441,10.7453581883447,16.7239532392529,0.476463676767042,75.3391800637154,11.0038893014893,5.24028095103319,14.5943314833881,21.75,0.928808488758005,114.888998762892,1.52632072078607,25.36372454,24.46043165,3.896576839,10.8922225484805,5.1
31,32,35.9,2.26933901122213,6.1385036375597,891.79,1843.8,1328.22,6.35519052107176,21.3769178149125,8.2285748420326,20.5626709721676,224.957134504837,170.193371539849,196.214707352819,12.1784548422198,17.3226937990959,0.373564725003932,78.7892113749634,9.85684679152594,3.74991835833383,11.4923474544906,17.54,1.03794109300821,436.055276964684,1.01478917558213,33.39317774,33.24250681,6.115965052,9.4658105937343,6.1
31.4,40.6,46.2,1.49876665947609,2.83621425422759,643.52,1286.26,938.75,2.83993937821712,18.7924211271031,9.6795574107442,20.5626709721676,214.25974891435,112.898141357043,161.774475588999,6.32474027571183,16.2067306288039,0.12197057075122,34.6370114891704,11.0011479850237,5.20624762287945,11.3938334742579,19.89,0.709299346740105,261.951212210419,1.3352194812131,38.78787879,35.68281938,6.553191489,8.9446870079427,3.4
36.6,36.7,41,1.3057729376338,5.30747843698091,904.4,1853.84,1328.76,11.2649781158068,37.7498149518875,7.00713405145409,21.6449216405548,107.782065625374,59.9230538040965,84.2253690114959,9.37071314025156,14.4027402722149,0.544921190472761,68.8378978534419,12.395028091557,3.65622553431233,14.516612887884,20.65,1.30719573810585,444.750138337979,6.1486508012361,42.10526316,42.45524297,6.298200514,7.18538147775191,6.5
31.8,37.1,48.3,1.85041778434499,3.92790148728177,721.48,1391.89,1033.38,4.97905412076675,21.0971947763346,9.16608153452387,17.1803411779189,173.335224707797,121.133153571815,147.206516052153,6.86302291806879,20.3771300618088,0.388703487965965,43.9524891173637,12.4613239829327,5.99715491135574,12.4694453508275,17.15,0.772921073873619,250.132735531827,1.66332217101346,37.13968958,31.2039312,5.850191361,10.1050853652957,4
23.7,27.4,44.4,3.26225105762179,12.3887246164245,1329.99,2579.01,1910.14,6.0207224866984,43.4998072793348,9.19329275349995,27.6183650474617,288.126566637443,165.110463996026,226.577880308641,15.9811035686166,22.4306679673681,0.58130486922929,114.531138153185,11.144560472812,5.46785607163091,17.9906017752202,21.22,1.31076302325046,384.859837560404,1.14408395598808,50.43478261,47.07668945,4.776847978,9.34714185153481,6.6
35.3,40.6,46.9,2.72648724759192,6.89942078146501,1020.56,1948.28,1453.34,4.7289033836119,31.1987449190615,6.48192972205993,21.4049968908943,224.018347559458,122.364900629361,172.566514278214,12.349946351545,15.0525834026407,0.401516357269978,67.7458461099622,10.5417239285372,3.55794372584334,10.0814194066951,19.18,0.967649892690108,173.974901220917,5.04066903425364,26.61691542,25.97402597,8.153477218,9.00707579758277,5.7
33,42.9,41.6,3.5487578114596,7.72144594001391,1345.6,2638.46,1939.35,8.56345995207605,40.9339769064147,9.15975234806048,22.4798235258081,191.020538667761,180.346527714552,185.669138603854,11.5741858630737,17.7617182142878,0.435316739664566,105.319711415463,10.3475643872825,3.92719788786562,15.020892667817,24.55,1.22652741171351,604.063389788209,4.1349829804473,33.69369369,26.76431425,7.601809955,10.6068714652827,7.5
29.5,44,41,1.49423819859182,3.89636796088501,771.09,1533.5,1120.82,5.99551983133483,33.2420496098017,8.94333296076897,19.8362784602048,163.906850470829,117.470023007801,139.929161237391,6.98300008319698,16.4266363550251,0.553582267383045,68.0670539629272,12.707174446941,4.56482606889549,11.321291751927,23.19,0.675911375135994,142.266904568546,3.72794891461392,42.67515924,42.30769231,7.455429498,11.1220621949514,6
29.8,40.2,39.5,1.97624703087886,2.28028503562945,776.91,1661.36,1175.1,4.70426555314763,24.8869267891536,6.05779165747588,21.6449216405548,120.998749349156,76.3918835751521,97.5517457663711,4.55187343641355,12.6353953318344,0.35990577012564,35.7073297409596,9.48520268589903,3.88210900175061,11.2472694067613,20.23,0.860148571116829,108.191999761231,1.67751299775142,60.73298429,60.20942408,8.256880734,9.03647248147826,4.7
46.2,47.1,49.4,7.15630183193872,15.1419146834641,1310.21,2600.25,1903.74,8.10493761330916,50.0563133525216,7.08260604830526,33.7603870459882,378.05622782167,287.879404554197,331.43490446878,24.0295339994695,20.8637979365951,1.05305837434817,118.883744212239,11.5262342743798,5.35415258967655,13.0056699668028,21.21,0.907687831290245,1057.77434926423,0.722034073131737,27.82764811,22.19178082,3.468634686,18.2617545661299,8.1
39.5,34.1,43.9,0.685510473363022,2.72142503711034,832.79,1586.5,1172.56,5.97969684327632,28.7343284484975,8.05262223799805,22.6886168163391,168.788864130654,116.104134636656,141.876958569493,5.87510439114413,13.8806611982108,0.305550940978238,51.4193245920481,13.0378588526022,3.48661410939748,10.3544575725027,14.14,0.668688702129885,168.083967279654,7.51435727959314,17.26618705,23.93162393,6.292134831,7.10814838365405,4.3
44.5,51.9,49.7,1.93944479646533,6.67888274279451,1083.99,2151.36,1582.41,11.9326419092227,43.2716932478497,7.23723925145885,25.3366651022574,272.190671576791,202.09342659401,236.095340792188,10.1958133037716,18.7656374363349,0.566536887291604,88.3095780568361,10.4486160816182,5.4219577304839,14.8728669822869,19.65,1.00322049251937,270.142677297524,1.48167879201558,24.39372325,18.05555556,3.211009174,10.613904052653,7.1
35.9,36.2,42.9,1.19941270136692,4.83073805240193,1007.65,2098.54,1516.29,7.55786490316486,35.785857429144,4.61029323842415,21.6449216405548,125.508508779996,68.2408675734467,96.0956396699668,10.3736233337368,13.8679282040625,0.391512521982465,41.750167000668,9.98865975051451,2.28784120728475,8.67164037659023,16.18,1.10660793890608,197.554048463494,11.8907641031535,34.51882845,35.3200883,8.231368187,7.32935386988344,6.2
32,39.4,49.3,1.68160882823527,3.83040939787146,762.59,1468.43,1090.87,6.15302300695559,24.711059241043,7.86594956480495,17.221490919427,231.139830997645,126.081266349277,177.542642596496,7.44666125454076,20.0994768547876,0.246571704948504,62.2242335105781,12.4119270083027,6.33702002991527,12.9760463805613,18.83,0.889026877789685,217.551541834466,1.55068059086367,33.66583541,27.47440273,6.396686608,12.5453503756189,4
40.3,46.8,47.5,1.2590143033587,7.68954938443763,903.52,1931.04,1380.41,6.15422487537695,52.6254239270261,7.52705033714913,20.8293655832064,241.793252522372,162.426536550018,201.174597700855,14.6109547348843,19.4967923015237,0.903245560318432,86.2472225470705,13.8053904480704,5.8243443651528,13.8117450217383,19.98,0.838882437972464,94.4792618020344,1.24570021091969,32.66129032,27.56756757,4.96969697,9.94565380213523,6.3
47.3,44.6,51.4,2.48457400374551,6.77475434054332,893.77,1801.1,1310.94,6.96272892165467,19.8412698412698,9.55700985214651,20.8293655832064,181.592053672159,132.129091607229,156.684371672896,12.4106312417208,19.2772595344171,0.613767573891862,56.6893424036281,12.9657249917343,5.39334784260058,11.7078934834902,19.86,0.723554317930224,743.405988878646,0.466622749231445,34.68634686,29.48717949,6.515580737,7.50462892941856,5.4
33.5,52.2,50.4,1.52704929411694,4.75618515321797,868.19,1665.77,1233.65,6.13615499830893,29.3317064013516,10.0788083484888,17.2552710308201,257.669946395846,94.8499300653267,175.772774323518,10.1365676477883,19.1246309844693,0.101449510607561,51.6238032663788,12.6270236387526,6.285857698582,13.6102396787552,18.8,0.808359985949603,131.71983615752,1.18962645729241,39.72125436,30.76923077,7.592891761,10.0912952970249,3.5
41.1,50.5,46.2,3.7281242297264,5.28099580971161,1128.03,2150.32,1584.12,7.00814181181078,43.3039691180837,8.22397149070107,25.3366651022574,364.374438444614,250.827145831533,305.262673076819,8.49719316543452,20.6199172314879,0.475087361105658,71.7608631099673,12.971263810816,6.34773176929025,15.5466953229354,23.69,0.864781728714245,230.131942313593,1.57842327167948,34.63414634,28.74617737,7.130434783,12.8006983092047,5.7
37.7,40.6,46,1.68953459311752,2.71193022098204,774.23,1529.58,1121.01,6.43414033647928,17.0766485369581,8.2775471741383,15.221108992094,235.482486281129,137.619873273445,183.576378434434,5.29520855475783,17.5047127558592,0.148763180139698,35.0071295007642,11.6356123564955,6.33530372933487,12.8649008623057,17.3,0.762918072481462,528.65419745733,1.28088525087161,33.58851675,33.42541436,7.645259939,10.0932004739643,2.3
32.7,33.2,42,2.23947986274156,4.46451146830414,838.37,1613.41,1198.18,5.43535205364627,30.7470928623699,10.6958845393063,17.9912301829052,377.389836189833,220.9109240667,297.624560382326,7.45615279982358,16.1837815339792,0.304983833646789,61.186714796116,12.8026407691294,4.58311945442546,11.7474517855833,14.07,0.821880592566412,213.958464150329,2.34241058968941,39.39393939,35.97560976,7.62925599,10.671812874858,4.4
44.7,48.7,47.8,2.79086469966002,4.30925122856596,940.28,1908.29,1391.51,6.23307117449336,31.2283722421971,9.35101796999547,25.3366651022574,277.856969362938,202.820669329567,239.372599065459,6.41156532037408,20.725378763907,0.624744064931383,64.988774666194,11.8895949832546,6.24841028877205,13.3313586034367,20,0.908219870449211,225.296506294892,1.33147304829423,32.9305136,30,4.004576659,10.9602533495821,5.5
34.8,39.4,43.5,2.80396325564603,7.72995306670945,1067.65,2184.75,1592.47,11.1861960372655,38.67386556661,7.63144938116501,20.70966425258,239.286556840616,146.113240499527,191.681970980516,12.1456943513524,18.1176393614237,0.984269662921348,90.2390196554234,11.0649969612641,4.69596670095051,15.7442240921108,22.13,0.981950169447947,221.126365395864,4.6087929903115,30.68862275,38.65877712,5.567928731,8.9634746828729,7.6
28,32.1,44,2.22148416448383,4.38343631327627,833.35,1644.1,1207.82,4.05687156170715,22.9661203792166,8.22720075997467,20.70966425258,239.286556840616,146.113240499527,191.681970980516,7.70442694759534,20.3196225003245,0.362038376067863,50.831679772666,12.1027848573382,5.51412948867291,12.2392288638811,20.97,0.711735642497522,118.87680192205,1.36075738189119,36.07095926,33.56741573,5.598543468,8.1616544710661,4.7
31.9,36.7,38.9,3.55944685377629,6.29478532268811,1050.42,2136.99,1550.56,4.43466974329391,29.1570191235743,9.29108485499463,22.4798235258081,177.324331896904,157.223819738395,165.679843991782,11.5082607431207,19.7094670004491,0.397174088784226,71.1774290369608,12.4605877159793,5.13778733700766,12.004301653448,18.05,0.960742368906578,148.382262384355,0.508801177820599,47.05882353,39.82683983,4.728789986,9.63641320762493,6.4
33.1,41.6,44.9,0.814885492591693,3.4157440393855,728.32,1438.08,1057.1,3.96464127338404,19.7490460505435,8.84379865075246,22.6886168163391,267.483289448822,148.803911381015,206.054386373838,6.68022602987767,13.7283992915243,0.068106837695634,41.614061320788,10.2171352890936,4.78321548344093,11.3498018743821,20.48,0.807996219124926,90.7041544921535,1.20193649458756,51.77935943,44.64831804,7.342874922,8.73206519880891,3.6
33.2,48.7,46.1,2.44692535487369,6.88892905306769,947.03,1926.19,1402.25,4.98875085591314,38.7718746725348,7.41819461276829,16.764297942372,318.437150784919,180.001664263789,247.364647590088,12.4461503579179,16.6589519198828,0.195233059464736,75.4479723357435,13.5610228727638,4.45093412969471,11.6880331303932,21.47,0.852941612000415,155.290220167023,5.65217391304348,34.95702006,24.79338843,4.615384615,10.8557494114999,4.6
26.7,36.5,46.2,1.97772556794083,8.25402574379161,970.7,1874.58,1392.1,7.44224085054181,36.5792614839629,11.2355254773571,20.8674043258163,361.247529075109,189.250336350102,273.347658035998,12.19963887217,20.3569645531702,0.411750173523287,77.9715836894998,12.9842743803841,5.33771405814417,13.6666666666667,21.73,0.944441513216905,94.8638856247552,2.18136770857646,29.47658402,34.24657534,4.442712393,9.46735692443379,5.6
41.6,47.3,42,1.56978047990432,2.95683518966104,823.34,1615.24,1187.19,4.64972969944819,28.5206187296581,9.16356068231901,14.8288708389827,329.169501968273,178.055834098367,253.148216076526,6.02650365586288,18.4279860476142,0.148372844472287,60.3966043686877,12.6030855999869,6.47471106731081,13.1864951103699,18.17,0.85558553102461,303.318186500624,1.88086823304564,40.90909091,40.59405941,6.614785992,8.41433867724066,3.9
39.4,57.3,45.6,5.50912656509277,6.05822899381505,915.19,1795.55,1324.41,5.04899020195961,28.5609834117808,7.94165406485238,18.3785576294519,397.709470227833,239.596973788685,313.707311718893,9.98348911400907,16.0244030898876,0.280184641678866,73.1161175341589,13.1791983546181,5.16565692919841,13.7319296982784,16.75,0.896362560728563,600.682493237715,5.61823104693141,40.33149171,35.46099291,6.303724928,13.2947489077386,5.7
36.2,52.2,45.2,0.808161632326465,5.4250850170034,807.27,1575.51,1167.5,7.84760882688309,34.3095545247441,7.20434854588599,22.6886168163391,332.612849590576,182.66902843644,256.929605860276,12.0441619270659,12.9160297499004,0.284103927049443,60.3848159635495,10.0579700912551,3.93444789532809,12.7119540077975,21.89,0.827280593649212,517.416525049606,4.89649188050081,44.69273743,54.44444444,9.16271722,9.93753981659401,4.5
50.8,48.2,49.2,1.2894257940028,2.68401752155902,834,1806.51,1276.82,4.56700701050121,18.6234602389124,4.51685266745484,21.6449216405548,65.2893837185209,51.6384260099585,58.0748032468307,5.82420463366113,14.830268487651,0.248667298696051,28.6003139383297,9.08834308136522,3.60301886248166,9.09697356512082,22.24,0.845398764971285,141.506292868083,4.72044379605453,50.25380711,44.74885845,7.004830918,9.06585211015801,5.1
40.6,53.2,52.7,3.53701331253829,7.3246811117919,1114.8,2173.25,1602.97,8.10493761330916,31.0615750045679,10.158164810854,33.7603870459882,308.73180997712,213.459024419215,261.422226706834,14.2993668617847,22.7235402472314,0.922385251609593,73.0860588342774,12.0960985848249,6.56392566210455,13.9887552359832,18.6,0.990965805426402,251.721143317433,0.646830530401035,39.93506494,37.26415094,7.570422535,11.8444035482083,7.4
32.1,39,48.2,1.86148919135308,3.43608219909261,645.35,1387.61,975.76,2.14310206880786,11.25644431437,5.47392325939583,21.6449216405548,221.47532850262,61.2309722595702,143.302546282095,6.45247384079188,11.4695973046687,0.211118369688182,25.8898219230509,10.1771385919548,5.12444458929483,14.127258308075,20.17,0.849798639443832,115.660421003932,2.76467912966465,37.5,36.02150538,6.273062731,7.11194367364524,3.8
45.8,47.9,49.1,2.98689461496773,7.5257427205991,1146.21,2255.46,1658.61,9.69133000453926,38.344312260348,13.0337142694292,22.4798235258081,196.834787254384,134.305438581304,164.946451938302,13.342471346496,20.953807056245,0.42704573474147,95.3691869039426,13.1197728198615,5.14096739711384,13.4491677483393,20.81,1.10436659005982,513.538748832867,3.17346400977831,44.44444444,45.65972222,4,10.8303761615303,7.3
37.3,53.2,45.4,2.7986173848148,6.52519737617346,927.01,1810.23,1330.26,6.58279695728496,33.7142451557953,11.8332347434136,29.9772015850327,183.755284544728,136.93242937166,159.432477668182,11.5843270868825,21.9947139303483,0.626686935749077,76.3006600894315,11.9374284917651,5.59502455607165,12.1025793666335,22.75,0.904192586083297,749.3733688209,0.560416516017066,47.00665188,36.91275168,3.93258427,13.9203701661044,6.5
37.4,40,43.8,3.07996803607055,6.12818382434657,1400.97,2868.56,2100.09,7.03986429177269,41.7920427950518,8.34623597873076,22.4798235258081,390.649736478122,297.454239847737,343.315207178654,8.64995208210962,20.6969516912962,0.415318431460061,103.087038894461,12.2232227990253,5.50436618114616,16.5323675474937,18.53,1.0330908429234,566.359559293236,3.47336779207449,55.79268293,58.55130785,9.181141439,11.6433048153135,6.8
31,40.2,52.1,0.970646316564581,5.05823877899388,1020.53,2081.35,1508.81,7.25530842063981,27.3196269282574,7.3783963089171,22.3660077905046,222.741689488393,154.944598211955,186.795319622607,10.6216452439621,20.9057887510022,1.08972212085918,66.7107169178378,11.1723573268715,5.09139405350278,11.7462278706101,15.26,0.913724891295265,68.6320057439709,4.32095345874123,40.06116208,47.47474747,7.549120993,10.7824700506304,8.4
22.9,40.1,52.9,4.09904976573613,8.52984080963049,1091.19,2094.25,1541.63,5.00149298297999,25.3754628672393,8.7978782403349,27.6183650474617,321.418716741339,168.331930056668,243.466132493121,9.99632400896468,22.6673728039738,0.48792314452829,87.4043720982688,11.6991631152428,6.82766215419526,14.0231444917815,19.44,1.1838178764151,297.88595044432,0.656931878658861,31.04238259,35.24590164,4.136690647,12.821349311392,4.8
28.9,43,38.3,2.08654246983319,6.01218487301294,820.87,1628.16,1195.01,5.44934786492764,23.3078098428018,8.89457963481724,29.9772015850327,164.27911801296,100.783686162928,132.069033159542,9.75537103920765,18.7652207896537,0.735887258332487,45.7523674692035,10.224904538355,5.37301693305433,13.6004259234525,23.84,0.896298956011571,732.692426688568,1.77738374179385,30.79847909,33.83458647,4.061371841,8.98059313126081,6.2
43.4,40.8,48.6,3.0076809701269,3.78656249625538,726.53,1428.25,1052.63,6.86056010723095,19.3965153738468,8.94781368783537,17.7819428229425,176.622450631482,110.035033766172,143.043353811512,6.29583071443537,18.562762756877,0.173852573018081,47.2262983015399,11.5531328687361,6.06238450884189,12.589584248599,21.16,0.760852335771382,108.404398438977,1.99861805591673,36.13595707,31.83673469,6.018518519,7.76102480690645,3.4
22.7,46.4,41.7,1.39435382205753,5.07124575008595,1006.82,2114.2,1522.87,7.79019980970504,34.5159143019156,5.9856351831868,22.6886168163391,161.906796141182,132.993160210852,146.359616621736,9.19571212341123,13.3975250526015,0.221572744442217,46.8430265525998,11.2447840967697,2.87264579769072,10.3416680386837,22.42,0.928506315926553,192.965045760282,4.43405946423315,70.87378641,57.14285714,17.43589744,9.64220700332931,4.9
21.5,35,40.3,3.63021653603157,4.19572765470986,860.5,1604.17,1195.75,4.22687082165193,28.519404163833,7.64798353350976,22.3660077905046,263.570232721399,161.14687380713,211.136649908231,7.42641206154417,17.8672692259307,0.371823676465935,78.9768115306145,10.408793203298,5.81411791093536,12.2396836464525,21.17,0.76188527688948,292.686948635502,4.76168829692934,33.56643357,38.95781638,7.231404959,10.0227852872483,5.2
45.4,42.9,44.1,1.026091377597,3.15453768112593,795.18,1580.04,1158.42,4.5643228090352,20.6076037478362,8.99341432196747,17.2552710308201,386.331101920285,159.178068913992,270.83057038136,5.87848092007826,18.8055218011518,0.149225426769176,46.2526217451435,12.5524252265826,6.47813677183809,13.0601171092427,19.48,0.785532254160794,397.439516194444,1.55840416026154,51.54362416,48.36065574,11.84433164,10.6963354882042,3.6
32.6,43.2,46,0.792551877182431,3.46857998013958,821.63,1628.13,1195.18,6.10741871744207,17.4058344357029,8.37994697747737,17.2552710308201,299.377235335281,125.458559403255,209.650877573848,5.96385094375225,15.5704483439701,0.147260946397016,28.7196268189097,11.0793705981573,4.76400717253986,11.0585692874322,16.71,0.559436866248189,256.178788396321,1.35097901538516,59.75609756,38.07531381,7.385229541,7.31140303110151,3.5
31.7,39.6,50.3,2.64601214151141,5.46786686204731,1138.07,2242.5,1637.15,14.673157162726,44.5312232384476,9.85631319924675,25.3366651022574,250.852256373346,263.53159579092,256.688868177755,7.46003923041609,23.2779979342051,1.06721307976351,99.3388826088446,13.0981996726678,6.79688405155082,15.9879778366921,16.56,0.928102560150038,220.114019061874,3.07177172805357,36.68831169,38.78504673,5.708245243,7.41969330061731,8.1
34.8,47.4,40.8,2.11482051985949,5.20571204888489,917.04,1873.99,1363.95,8.75213045280759,41.7073567708333,8.30163551614992,18.3785576294519,426.143590795824,276.096231177733,348.067420692424,8.65252778669156,16.2101805962462,0.217763711855056,120.035807291667,11.7462947620363,4.93874174359513,14.5500943276474,18.8,1.10320849496377,934.838948537579,1.47453215766608,32.47232472,31.76470588,6.385869565,14.2107242101929,5.8
44.9,40.5,44.6,1.58894893175393,6.48462942418495,846.81,1663.72,1219.41,5.73496659242762,27.342325920525,8.48997621474686,19.7137220427833,143.770494622107,109.106756836239,125.901789544903,9.18442648457852,18.4938211887733,0.271655468424579,67.7048070412999,13.9090178565079,5.97764288088449,14.2201540623597,19.2,1.17077848957183,161.730708856183,1.54834713942866,28.28282828,24.92401216,9.943714822,10.8136767064676,5.1
39.8,28.6,37.8,1.80620837416333,6.65598166387085,1063.27,2195.83,1573.75,8.64608439496538,42.0948961923975,6.73397540861592,21.6449216405548,111.821282933692,94.9070659238041,103.076191381934,10.0206451040025,13.5214355338331,0.517509436289083,75.4531158165616,12.1004167713207,3.18799546998867,14.2649348810872,21.46,1.20679935693045,257.137914751768,6.64377655970931,28.57142857,28.48837209,5.055611729,10.633010549906,6.5
28.5,51.1,39.7,2.61411908449003,5.7965249264779,1235.48,2345.67,1751.52,6.72582377211327,42.7244411367458,11.0828374819038,27.6183650474617,508.4224078028,383.889114254339,442.231660831028,12.3409521943923,22.9664362151185,0.508429950155707,113.013037845586,11.834946851547,5.71804688488026,13.0456776923165,21.81,1.03619523022867,174.564532261413,1.18089516988204,46.13686534,50.64935065,7.669172932,15.7971796726654,4.8
44.2,48.1,47.1,2.03457473767743,3.32048389572551,816.31,1486.27,1122.98,4.29922613929493,19.5448999656484,8.5593577872413,20.4601610178352,251.577295054418,149.545893067494,198.784007485571,6.31814789893164,19.1690169230243,0.155326869489873,58.0424302010163,11.3225079930071,5.37497959066069,11.8243308137804,20.61,0.68839908625054,283.971963341449,1.24011738682902,47.17847769,44.38943894,6.568516421,10.0527804948451,3.9
36.3,46.7,41,3.26750958943032,4.15541980394942,1091.9,2075.39,1549.4,5.58924155685783,23.4381314151782,9.99381073980104,22.4798235258081,244.893584861587,141.385520753549,192.235053187881,8.43656735081781,18.4481510899303,0.336013914929183,47.684474258466,11.6755576054512,6.00822312799245,13.7176726055924,18.29,0.847046725869907,793.491599018312,1.35187022045884,36.62790698,23.76237624,4.958677686,9.76880766561483,4.3
35.8,53,47,3.94978042122199,8.92162422356153,1045.8,2039.36,1502.83,6.63267831510172,32.7523686980933,11.5813616765009,33.7603870459882,271.260522064113,210.299888214855,238.633550860618,15.1295336787565,19.0010959762017,0.700046398424082,87.72955901275,11.9564021410587,5.00960315813555,11.6972318431147,16.67,0.75237292668527,358.416893664033,0.428690412032727,28.57142857,34.68468468,5.887600357,13.7621550752232,6.4
38.1,41.7,50.7,4.01012004752735,9.18793788667186,1073.45,1850.16,1426.6,5.03628504580243,40.9901801785746,11.1179491820712,20.4601610178352,414.138876270916,287.177397027646,348.446358767084,16.3690751534215,22.6904356486539,0.497268172319158,116.732904421593,12.6155042314172,5.41420298689424,14.3683836228792,18.27,0.925273207106042,959.444041074577,1.64278962197484,27.16049383,31.78294574,2.423378475,8.9010708143141,5.5
24.9,28.9,46.2,1.08314315882694,2.60567458019687,723.8,1433.26,1053.8,4.70670036236244,18.8379932579814,8.90889532953704,14.827122241016,275.025303740097,129.472726682413,200.551697666907,6.32661394118535,17.9477671894892,0.23215939951122,52.5480864564743,12.1827232088109,5.96530241012277,12.6048678570478,18.51,0.849487737046918,174.593279682029,1.69820551091058,27.01949861,21.82539683,4.228660924,9.23942214069663,3.5
39.9,40.6,50.2,3.55187080182359,5.69198536089705,970.75,2006.98,1440.93,9.40344542240277,49.7210098889564,8.90525683806607,25.3366651022574,169.180519280378,152.065860187142,159.18085182929,7.47344524168559,23.4303427148592,0.726719621429779,101.283538662689,11.5932146722155,5.91244795574583,14.011857998264,23.61,0.881760279570499,168.880554859975,0.641721788922895,17.6882662,19.46902655,3.928170595,9.70079886489281,7.4
28,35.9,47,1.17242216021265,2.37241774846416,747.82,1477.89,1081.89,1.9622211366227,15.6016584562939,7.15903670061787,15.5102850361159,213.597659286538,93.30086706831,152.994498842052,4.03603858594408,13.5425074400162,0.0863528030119858,33.9336071424392,10.3533322610048,5.20374389582203,11.2525773195876,19.45,0.698808661937364,438.399768501772,1.29209331785073,32.20892274,47.19101124,7.744360902,8.46756318964289,3.4
28.2,32.4,42,2.47353060503344,3.76918949338429,817.03,1666.84,1199.7,4.03130187336969,29.2271054340766,7.76588814283042,21.6449216405548,171.471500057606,145.377161672719,156.403129995618,6.42049643647088,14.2990123378877,0.20209714654375,49.794327776575,11.1114762286571,4.87718275523994,12.5859190757572,20.94,0.905997724983589,90.304572695181,3.69087434304826,53.4351145,54.62962963,9.309309309,6.71523807489397,4.4
40,50.2,45.9,2.45820748228117,4.61736295941864,892.73,1698.55,1267.79,10.6606942889138,28.5562762615755,8.50621929188673,17.7321878690112,403.789333456569,265.319340109269,334.02172313547,8.07971801573898,15.4439748321827,0.196111990643675,59.1522865418349,12.6902857415333,4.34864186127068,12.5773364508463,20.61,0.776482151632936,378.61072136478,1.76253805479891,30.35714286,28.84615385,5.042016807,9.03945193779151,4
33.3,44.3,45.1,3.80208242496119,6.16821017260524,1214.39,2353.96,1745.58,7.29959104700761,23.4765744615699,10.1072018997517,22.4798235258081,272.819451591975,189.394619893,230.482122900603,9.81039789737031,20.9420765625285,0.350902320252077,86.7612534449321,13.3583593785388,5.57464084946908,14.2544181945108,24.22,0.824756991243652,226.083346923043,1.652403635288,28.4738041,20.84805654,3.947368421,13.6099236995163,5.8
37.3,44,46.1,3.40412481790999,5.95721843134248,943.14,1726.91,1305.42,6.86056010723095,28.1107050675935,11.8213151026892,17.7819428229425,215.348788156075,132.748006938373,174.288310982393,8.4702492751509,18.5998643791144,0.267957792027794,76.6655592752549,12.9568106312292,4.32558988080759,10.2122354658234,19.82,0.804644135892994,421.887729371145,1.10754881958613,48.95104895,35.71428571,5.194805195,9.89842140055489,4.6
29.7,53.8,50,1.56685095431777,3.43408266153584,725.39,1471.98,1062.75,4.57375874800242,35.4228758489275,8.54780616848811,19.7137220427833,66.0068552167141,43.1420495507298,54.0375200780836,6.37389134477892,15.5670397260708,0.379330292368823,81.8390579957981,12.2091939679273,4.06119486604869,10.4206987878171,22.21,0.685147175444325,85.3250885875185,3.55757287657369,48.21428571,39.3442623,6.19047619,13.0847078888205,5
34.4,41.4,52.7,4.24415964712315,6.19943843651831,893.79,1844.51,1335.7,6.41951532659284,49.5206402028365,8.54656119942258,20.8674043258163,500.570055129953,230.232683203282,362.768961279234,9.8565396550847,24.0159133774693,0.41649312786339,110.926234054354,14.8293530972642,7.56715764455703,15.7863464365012,20.64,1.12102840076249,452.085666860096,0.959835834974432,43.15068493,37.17277487,8.396946565,14.0862264315323,5.4
35.1,29.8,41.1,2.02089615668049,8.2644254461117,1003.96,2024.52,1480.16,9.99676363767126,32.3111719723663,6.31007385922903,21.6449216405548,79.7492561692965,40.7998628342117,60.350238250297,13.1675545432299,13.5000157420817,0.50622125304649,46.92813072177,8.81085348094904,2.41189088570481,13.999592559009,21.43,1.34295663521782,349.903967962078,4.55056620550775,37.70491803,48.64253394,7.614213198,8.60631373616624,7.9
31.9,41.6,44.6,2.81924920708616,4.12818633894759,986.98,1941.04,1422.31,4.03721931713319,19.3952380072778,10.1364742885456,22.4798235258081,203.803839572696,106.20952712132,153.886073228631,5.78806767586821,17.037399924088,0.2203887105883,60.9564623085875,10.8987906215077,5.36273121534822,12.5086005229118,20.03,0.888433998749984,601.563344259933,1.43915732745422,54.92537313,55.93220339,9.018567639,6.82373266516378,3.6
36.7,42.9,50.7,3.17262996533749,7.15748370785874,1042.21,2114.55,1540.4,6.52384998179391,26.5625224345629,9.264452559774,22.665090957199,204.430327564875,146.384871395102,174.853289294591,12.3729936162117,22.0665547497675,0.400723209983733,68.9189771275145,13.1818643551282,5.64909515180101,12.921083335402,21.76,0.829783323686817,468.798833211793,1.46495846980942,34.24408015,32.421875,3.997461929,10.4300230144807,5
35.9,35.9,46.9,1.32637384657958,6.66049600656507,866.73,1747.1,1269.14,6.8229587712207,25.3444541726188,8.66371470386077,22.3660077905046,220.594635134623,141.6108749901,180.47411287478,11.1156470519624,20.7564894197673,0.692627366476835,95.2337065880221,10.9565837567977,5.17769458894453,11.507608537119,19.04,0.890593908538444,77.9612813092506,3.04660952020407,31.03448276,25.11210762,6.267281106,10.33501432289,6.7
25.8,31.1,36.8,1.76218805835346,4.4471932614714,865.45,1795.59,1292.02,7.00686011959353,27.6404287337612,5.79284673478072,21.6449216405548,94.7302600640743,42.4352196798589,67.7397394270969,7.9833634915062,14.5704339610221,0.485884907709012,42.2284327876908,11.3178195351768,3.46004715234885,11.205892095162,16.88,1.11647605823306,340.044691588037,10.4995749942045,48.4375,51.12359551,8.370044053,8.57333848066619,5.9
25.1,38.8,42.2,2.24606048121945,3.95734465738665,836,1788.74,1255.72,5.09218612818262,26.2536098713573,5.77643367726494,21.6449216405548,102.556453930394,60.4167486891846,81.3699667100994,6.48636001247877,11.2008338898028,0.329501514397689,40.2008401155159,8.92147709471891,3.44275446878481,13.958653795152,21.19,0.944607338140899,167.388296210329,6.34343584226731,48.81889764,37.75510204,8.076923077,10.4180747270674,4.7
41.6,45.9,46.5,3.77204733888542,4.77216463659318,1029.32,1965.29,1462.48,3.95663876917646,29.207575995866,9.39718197111927,5.51321588505666,393.810550753238,231.42203224282,309.352504587877,7.09400492909741,17.3057143422276,0.236107726054107,77.5124132197982,11.782697260165,4.96006598668196,12.3393083469129,19.68,0.865876134506381,290.267682471013,0.978088567606156,32.20064725,35.02824859,6.343283582,9.85310086682277,4
40.8,40.3,42.6,2.05539318783972,3.22990358089099,801.64,1504.75,1123.82,4.63611859838275,27.9597379773127,7.9695700196723,15.6505473803938,203.003532458417,121.614825797153,161.173117927762,6.0298564032768,17.0811074405013,0.165333754714938,67.9022208020451,11.5067941620533,5.43422244795824,12.4751395811357,18.35,0.702747453743815,78.9364227834804,2.78406926261937,35.56430446,39.59899749,7.560483871,12.2059758916176,3.4
44.1,47.7,44.1,0.907569462369173,2.57283453093646,606.82,1254.53,908.68,4.02212166918049,19.6182842409125,7.8345189701897,22.6886168163391,300.109842830591,131.556634398364,214.399099276311,5.27481377088786,13.1827696948421,0.0981486073229192,43.4404865334492,11.1471429386219,4.52020838028076,10.686117260303,20.1,0.680963378422963,561.353235533125,0.590493061706525,32.03883495,30,4.80349345,6.73549999614475,3.2
35.3,31.9,43,0.95062799061198,2.21813197809462,726.08,1439.71,1049.97,5.78762562053517,22.588726758547,8.64444513859111,17.1376269004,290.034759001051,152.398586145726,220.316797198542,5.2494063171427,17.2117210233836,0.149598393574297,37.5500912349873,12.1801621604473,6.58311645652778,13.490663769361,22.15,0.82862214191523,559.469147015006,1.80224643085889,29.81969487,27.42316785,5.701754386,9.66626794425263,2.7
29,29.7,36.2,2.68434770869895,7.87650962107602,707.34,1406.13,1039.65,3.84303112313938,25.816142129597,4.79994367915894,21.6449216405548,85.0776094641397,50.7395864676793,67.1476010523981,13.1777086372878,14.0745501285347,0.365136327070865,38.7242131943956,11.3525897693938,5.17569697197103,22.463040786462,17.55,1.36538807132445,725.100243559313,4.85293194233892,24.79338843,31.13006397,7.177814029,8.69343891363315,5.9
28.2,38.8,34.5,3.08442071340558,6.22413193895927,1106.27,2117.92,1578.29,5.96629351703777,26.6504789683303,9.08972419595003,22.4798235258081,331.050121828173,224.386426411605,276.592432972083,10.4350268260086,21.4947978442594,0.42477106815106,71.8082349980012,12.3913507223892,5.04347771015282,12.683268206489,21.63,0.8095930324026,138.000828004968,1.40169626593807,42.48927039,40.92664093,7.403846154,11.039990051553,5
24.9,29.1,48,1.69311387905048,2.61087654246103,785.33,1485.6,1108.38,3.17184024755826,15.377813659343,7.57041511184197,17.7321878690112,318.407189392532,168.051745011713,241.856519321432,4.93995542397126,15.9760160176313,0.108554059921841,39.8862041789209,11.916171288877,5.37346545722933,11.3210060399079,18.46,0.776926864530188,77.8606718668158,1.4059285788282,41.27243067,36.05633803,13.43804538,8.9473277088464,3.4
42.3,31.6,48.7,1.46487373139303,3.06132294764173,708.2,1408.42,1027.11,3.02904317871355,13.3349137675576,6.20612947347853,22.6886168163391,196.660058669716,106.915022919891,149.239467313658,5.69473639054524,12.7033757609297,0.104338275672707,26.6698275351153,10.5133735979293,4.909793357672,11.7350157728707,19.86,0.676663141760631,160.261913756196,0.493193923850858,37.1257485,32.69230769,11.21076233,9.2268616444422,3.4
31.6,45.9,47.5,4.32662890077571,9.71517675621262,1196.79,2355.62,1726.29,4.47675990746027,29.6212917845347,11.0411348155812,27.6183650474617,308.846974229937,214.591461090321,261.353131880794,14.2513399876425,22.5790614260295,0.283353253925731,99.2313274781913,12.8549931285461,6.51771265297866,14.959353191059,20.43,1.01077784126091,696.049520469701,0.502845968502287,36.71399594,35.22727273,6.318207926,11.922912636772,4.3
34.5,42.2,48.6,1.0962669655494,1.75893580293374,570.98,1145.46,833.38,2.05475648358972,9.38539096857235,7.14726099879453,22.6886168163391,243.671148125846,104.313802505709,172.153079354697,3.36237502348718,11.9056872651898,0.0804335367631534,21.4523222138797,9.26103568815543,4.06221167787004,9.28166600764466,19.32,0.518186704891596,420.751462111331,1.52794404889421,45.68965517,50,13.51351351,7.31615315012578,3.1
25.2,33.2,50.9,3.27652319932012,7.28002498348939,1031.25,2032.04,1496.64,9.45193708671125,43.8392903192532,8.58635355909303,22.3660077905046,285.642128478345,127.130446132331,205.321175609661,13.3715024471327,20.5467591293542,1.21442790429807,112.606804545533,11.2313606302519,5.36236488192696,13.3900279400145,17.69,0.993071080644923,206.222012726844,3.60125660868899,40.57450628,27.67857143,5.118110236,10.1254299789995,8.4
38.4,43,49.7,1.92186583856327,3.61137049664488,736.2,1471.54,1079.83,6.86056010723095,20.3888633425589,9.96690067477345,17.7819428229425,206.188279260333,115.966404861136,159.663195712432,7.72297655226252,17.9260962716079,0.238896299098166,60.2989788216105,11.9681548092167,5.62714228454032,12.1844427229279,16.89,0.730088383561366,106.231667660129,2.73043931181536,38.94849785,28.78787879,6.692015209,10.7295114924681,3.5
45.1,45.5,49.5,2.4371931162702,4.85055060304143,722.95,1508.86,1077.57,6.19891381864063,21.798959099703,7.84729987413638,15.221108992094,316.008305976453,141.759464639487,229.911517078752,6.73014027182208,15.3369586621628,0.0983112315120267,51.7725278617946,10.4651932040295,5.67408294466154,13.2484558174713,22.02,0.803431060359763,218.554930139108,1.05137892389634,35.25498891,36.92946058,9.386281588,12.7060408239785,3.2
